{
  "n_train": 395301,
  "n_test": 16716,
  "rmse": 25.573210225256627,
  "mae": 12.519513932709879,
  "smape_pct": 24.011387672999984,
  "r2": 0.9481563194506708,
  "feature_cols": [
    "No",
    "year",
    "month",
    "day",
    "hour",
    "PM2.5",
    "PM10",
    "SO2",
    "NO2",
    "CO",
    "O3",
    "TEMP",
    "PRES",
    "DEWP",
    "RAIN",
    "wd",
    "WSPM",
    "station",
    "hour_sin",
    "hour_cos",
    "dow",
    "is_weekend",
    "PM2.5_lag1",
    "PM10_lag1",
    "SO2_lag1",
    "NO2_lag1",
    "CO_lag1",
    "O3_lag1",
    "TEMP_lag1",
    "PRES_lag1",
    "DEWP_lag1",
    "RAIN_lag1",
    "WSPM_lag1",
    "PM2.5_lag3",
    "PM10_lag3",
    "SO2_lag3",
    "NO2_lag3",
    "CO_lag3",
    "O3_lag3",
    "TEMP_lag3",
    "PRES_lag3",
    "DEWP_lag3",
    "RAIN_lag3",
    "WSPM_lag3",
    "PM2.5_lag24",
    "PM10_lag24",
    "SO2_lag24",
    "NO2_lag24",
    "CO_lag24",
    "O3_lag24",
    "TEMP_lag24",
    "PRES_lag24",
    "DEWP_lag24",
    "RAIN_lag24",
    "WSPM_lag24"
  ],
  "numeric_cols": [
    "No",
    "year",
    "month",
    "day",
    "hour",
    "PM2.5",
    "PM10",
    "SO2",
    "NO2",
    "CO",
    "O3",
    "TEMP",
    "PRES",
    "DEWP",
    "RAIN",
    "WSPM",
    "hour_sin",
    "hour_cos",
    "dow",
    "is_weekend",
    "PM2.5_lag1",
    "PM10_lag1",
    "SO2_lag1",
    "NO2_lag1",
    "CO_lag1",
    "O3_lag1",
    "TEMP_lag1",
    "PRES_lag1",
    "DEWP_lag1",
    "RAIN_lag1",
    "WSPM_lag1",
    "PM2.5_lag3",
    "PM10_lag3",
    "SO2_lag3",
    "NO2_lag3",
    "CO_lag3",
    "O3_lag3",
    "TEMP_lag3",
    "PRES_lag3",
    "DEWP_lag3",
    "RAIN_lag3",
    "WSPM_lag3",
    "PM2.5_lag24",
    "PM10_lag24",
    "SO2_lag24",
    "NO2_lag24",
    "CO_lag24",
    "O3_lag24",
    "TEMP_lag24",
    "PRES_lag24",
    "DEWP_lag24",
    "RAIN_lag24",
    "WSPM_lag24"
  ],
  "categorical_cols": [
    "wd",
    "station"
  ]
}